crown.reference,species,Z_mean_height_m,rumple_index,leaf_clumping,mean_density_voxels
2,METPOL,21.59382057,4.278995947,3.48811897,3.822014052
3,METPOL,18.32272911,2.947207078,2.782777278,5.02189781
4,METPOL,23.892416,3.71883383,1.744494545,4.603907638
5,CHETRI,18.43390656,3.196981503,2.501372706,4.423529412
7,METPOL,26.47770119,4.079996318,2.595550903,4.126696833
8,METPOL,25.92541504,4.102405861,2.130224579,4.244897959
10,METPOL,19.98874092,5.067165579,4.057142874,3.642072214
12,METPOL,17.66459084,3.103052139,2.041871176,4.531791908
13,METPOL,17.33871078,3.048985576,1.992470167,4.333333333
14,METPOL,17.33034515,3.544745726,2.485780688,4.292682927
15,CHETRI,15.08066559,4.525658011,2.836767718,3.348837209
16,CHETRI,16.11366653,2.332686266,1.674064591,5.492537313
17,METPOL,16.45174408,3.354248453,1.724878605,3.764705882
18,METPOL,18.2463913,3.613565175,2.088894751,4.401294498
19,METPOL,17.24123955,3.828472325,2.98418299,4.052141527
20,METPOL,24.48901176,4.425178928,2.879941567,4.052532833
21,METPOL,25.05854225,2.983124701,1.965933038,4.816326531
22,ACAKOA,19.89912033,4.595698086,3.121451138,3.416666667
23,METPOL,21.50004578,3.03230024,1.937867519,3.862068966
24,METPOL,24.20148468,4.419331334,2.245207651,3.82300885
25,METPOL,21.46242142,3.553660217,2.130523768,4.496350365
28,METPOL,22.36138344,3.428310167,1.760700322,4.168067227
29,METPOL,23.57713509,6.896880487,3.661818705,3.006060606
30,METPOL,24.09191322,4.556871807,2.630106686,3.952693824
31,ACAKOA,22.61733627,8.560418146,4.57907944,2.415954416
32,METPOL,17.18605042,6.989792476,4.090266347,2.727272727
33,METPOL,21.89710045,3.492808421,2.280843542,4.545961003
34,METPOL,20.6240139,2.803942314,1.927541409,5.090909091
35,CHETRI,18.76207542,3.529081689,1.690772986,4.363636364
36,ACAKOA,19.46325684,4.768351066,2.329807513,3.688622754
37,METPOL,10.40602493,2.891961023,1.367528518,3.555555556
38,METPOL,9.572506905,2.964934934,1.610520067,4.528301887
39,METPOL,11.90800285,2.943689034,1.575946541,4.571428571
40,METPOL,10.23354721,3.040895806,1.249139583,4.210526316
41,METPOL,15.19111824,4.548222427,3.250461396,3.602649007
42,METPOL,11.84370708,2.931387456,1.311525198,4
45,METPOL,16.73179626,5.436344195,3.225858117,3.311143271
46,METPOL,11.71332169,2.805907898,1.849056742,4.571428571
47,METPOL,16.29707146,4.176659935,3.170611435,4.289855072
48,METPOL,13.71792793,3.269623134,1.950836102,4.403669725
49,METPOL,11.51067352,3.293329756,2.080767131,3.710144928
50,METPOL,16.44873428,5.405067063,3.67412934,3.405940594
51,METPOL,11.27853107,3.028864815,2.129104815,4.102564103
52,METPOL,12.08339882,3.630655736,1.625963913,4.403669725
53,METPOL,11.81475258,2.119368705,0.852109417,4.666666667
54,METPOL,12.03783512,1.8238405,0.738717885,5.714285714
55,METPOL,20.42047501,3.884658444,2.646794376,4.317460317
57,METPOL,15.98182487,2.988923766,1.774066157,4.721311475
58,METPOL,10.9444809,4.593692337,2.819259752,3.315315315
59,METPOL,10.05651283,5.615918578,2.943829713,2.983050847
60,METPOL,17.25664139,4.447066127,2.725425485,3.643564356
61,CHETRI,11.13348484,4.372449336,2.661840593,3.84
62,METPOL,11.32382965,4.936084682,3.106912088,3.2
63,METPOL,17.72320366,5.273810488,3.987926117,3.446153846
64,METPOL,9.592011452,4.581819615,2.850806089,3.591836735
65,METPOL,18.81616402,5.65279952,4.129846654,3.2
66,METPOL,15.76827431,5.049068826,3.451820909,3.368421053
67,METPOL,13.32391453,3.913547844,2.748610952,3.830985915
68,METPOL,17.19559097,5.728515969,3.861642113,3.61461794
69,METPOL,13.81408405,4.905623016,2.58366545,3.456445993
70,METPOL,12.49290943,2.829978297,1.592011095,5.137614679
71,METPOL,17.52732086,6.287305615,3.57031221,3.111111111
72,METPOL,16.9038887,9.036225881,4.018708979,2.611111111
73,METPOL,11.71586895,2.539187756,1.33362652,5.230769231
75,METPOL,11.15072918,3.466798872,1.618949914,3.612903226
76,METPOL,12.89300632,4.331881405,2.465424142,3.457627119
77,METPOL,12.46846962,3.371297132,2.207917408,4.4
78,METPOL,13.88125515,3.907717705,2.373758466,3.949790795
79,METPOL,16.67316628,3.398079334,2.2377158,4.517647059
80,METPOL,11.62649918,2.971506495,1.804578672,4.5
82,METPOL,11.77375221,7.543622943,3.25790842,2.647482014
84,METPOL,11.24975491,4.212947447,1.936344682,4.571428571
85,METPOL,12.45745277,4.257101736,2.65113156,4.012232416
86,METPOL,23.04430389,3.811142589,3.594202239,4.178823529
87,METPOL,10.86644459,3.504800933,1.746015864,4.114285714
88,METPOL,10.58371639,2.467623438,1.24035661,4.727272727
89,METPOL,13.95311165,3.807579442,2.863661026,3.955719557
90,METPOL,10.61438465,3.742444395,2.196974666,3.692307692
91,COPRHY,11.93269062,2.926460422,1.866551519,4.108108108
95,CHETRI,21.05419922,6.774262137,3.819822711,2.891566265
96,METPOL,18.6265831,5.986307759,4.282345668,3.191256831
98,METPOL,22.38796043,3.698658458,2.252115906,4.506459948
99,METPOL,21.60409164,4.571209389,2.799093051,3.844331641
100,METPOL,17.64675522,6.599873322,3.980806183,2.878306878
101,METPOL,22.48518372,3.624081682,1.932934392,4.650406504
102,METPOL,21.56654167,4.482849305,3.186460644,3.803278689
103,ACAKOA,19.32034302,5.76777926,2.91633115,3.207637232
104,ACAKOA,18.03628349,5.767269231,2.85475002,3.2
105,ACAKOA,13.21490765,3.231767082,2.215370882,5.333333333
106,METPOL,19.52466393,3.052367068,1.336970069,4.925764192
107,METPOL,19.07031059,4.090256851,2.038604227,4.141176471
109,METPOL,12.7918396,5.405581516,3.076742728,3.428571429
110,ACAKOA,18.26465416,4.913340821,2.542721667,3.262135922
111,METPOL,19.24645615,2.655788842,1.353454488,5.473684211
112,METPOL,10.98333073,2.267867317,1.177582508,4.756756757
113,METPOL,10.52381134,3.056359433,1.872215146,4.06557377
114,CHETRI,14.64356232,3.924009171,2.092261534,3.617391304
115,METPOL,10.71890068,3.17689552,1.916180968,4.244897959
116,METPOL,10.66649628,3.489820759,1.891007399,4.571428571
117,METPOL,19.5193882,5.057906754,3.401844198,3.306666667
119,METPOL,10.86399269,2.872992798,1.456491769,4.108108108
120,ACAKOA,19.82232666,3.86295231,2.187420281,4.095238095
121,METPOL,17.73485374,3.859015961,2.078156003,4.102564103
122,CHETRI,10.28181934,3.810351118,1.818236434,4
123,ACAKOA,20.02160454,5.143902921,2.977579528,3.273657289
124,METPOL,15.07557011,4.444151799,2.159869991,3.924528302
125,METPOL,10.44827557,4.808870508,2.806786288,3.154929577
126,METPOL,12.51480007,3.65645269,2.432705781,4
128,ACAKOA,20.66310501,5.126486782,2.287198746,3.517027864
129,METPOL,17.08189011,2.599126523,1.537513676,3.612903226
130,ACAKOA,18.52710724,3.652036716,2.020843677,3.622641509
131,ACAKOA,17.86008453,2.825409108,1.273584781,4.589147287
132,ACAKOA,17.91775513,4.093660931,2.072554568,3.618090452
133,ACAKOA,16.49407387,3.913174332,1.901148005,4.102564103
134,ACAKOA,18.26735306,3.756034313,1.821729126,3.874439462
135,ACAKOA,18.75363731,3.924567762,1.891647412,3.965811966
136,METPOL,18.38320732,5.348774088,3.429220263,3.432024169
137,METPOL,10.80999374,2.654518281,1.278300284,4.64516129
138,METPOL,11.23935127,2.400799673,1.167228658,5.44
139,METPOL,12.59407902,2.957393902,0.938476022,4.444444444
140,METPOL,14.97890186,3.573349958,2.328882032,3.897435897
141,METPOL,12.85167599,2.721619238,1.093471209,4.8
142,METPOL,14.88633442,4.219231826,2.379108759,3.653543307
143,METPOL,17.80434036,4.199804463,2.13139568,3.463917526
144,METPOL,9.265931129,2.431233865,1.125946682,5.894736842
145,METPOL,10.31205463,1.822270645,0.870235136,3.428571429
146,METPOL,9.943790436,2.363213357,0.867731545,4.923076923
147,METPOL,10.96936321,2.681958563,1.611331034,4.444444444
148,METPOL,10.69317436,3.118856346,1.290171467,3.2
149,METPOL,11.27190018,2.398261865,1.391859304,4.571428571
150,METPOL,8.652623177,3.009247361,1.119855617,4.363636364
151,METPOL,18.8261013,7.194129802,3.484619689,2.93877551
152,METPOL,18.98592377,4.071302077,1.927830393,3.971631206
153,METPOL,17.47338486,3.633974561,2.539815396,4.183006536
154,METPOL,12.43917847,4.140485577,2.052982136,2.731707317
155,METPOL,15.93224812,2.035264649,0.994542855,4.869565217
156,METPOL,18.12006187,4.246676419,2.544704657,3.555555556
157,METPOL,9.920166969,2.834589323,1.367820264,3.2
158,ACAKOA,23.47802353,5.747251982,3.356576215,3.368421053
159,METPOL,20.90981865,3.773164252,2.036366063,4.307692308
160,ACAKOA,20.94241524,4.03178923,3.37304354,3.980861244
161,ACAKOA,20.74142265,3.256007825,2.123177515,4.721311475
162,ACAKOA,21.05192184,5.035534392,2.703296415,3.443946188
163,METPOL,21.75491905,5.72882018,4.02770687,3.436241611
164,ACAKOA,20.28477669,5.851273104,3.44640179,2.848484848
165,METPOL,15.15321064,2.865801568,1.788613955,4.923076923
166,ACAKOA,16.78289604,3.760104949,2.130068384,4.015686275
168,METPOL,17.12052917,3.49783854,1.80122709,4.421052632
169,METPOL,19.69598007,5.220832481,2.767643547,3.184079602
170,ACAKOA,17.013237,3.58501776,1.592790465,4.228571429
171,METPOL,15.80379486,3.708141823,2.410094523,4.357976654
173,METPOL,21.93489265,3.428575313,2.562838202,4.554954955
174,ACAKOA,17.21056557,6.253857662,2.833128605,2.88
175,ACAKOA,18.00683784,5.549336227,2.491598436,3.101030928
176,ACAKOA,15.96488094,5.808012269,2.405123044,3.243243243
177,ACAKOA,18.58486938,6.33279651,3.14218677,3.111111111
178,METPOL,20.55959702,3.51557103,1.943239875,4.272727273
179,ACAKOA,24.20204926,7.31693984,4.391533908,2.988610478
180,ACAKOA,22.19682884,4.820304459,3.074317364,3.942973523
181,METPOL,22.06384659,5.506482284,4.251976342,3.505477308
182,METPOL,11.41292381,3.628662892,3.179989953,4.196721311
183,METPOL,22.55436325,6.593925851,3.648047371,3.029411765
184,ACAKOA,16.83285522,4.749144942,2.754129602,3.547169811
185,METPOL,17.36808586,3.75610266,2.395684185,4
186,METPOL,16.50585365,3.708382865,2.366585966,4.203921569
187,METPOL,18.63056374,5.073106302,3.22242509,3.501176471
188,METPOL,22.74796677,4.777650046,3.358309622,4.052532833
189,ACAKOA,19.38479805,6.061634376,3.742263711,3.266272189
190,METPOL,23.01589203,5.121645817,2.834315977,3.758730159
191,METPOL,22.87742996,4.262247604,2.338851336,3.506849315
192,METPOL,23.32262802,4.30768106,2.73193007,4
193,METPOL,19.28793716,3.060569082,1.437867387,4.52173913
194,METPOL,17.87598038,3.497212973,2.070781774,4.266666667
195,METPOL,20.27432251,3.215102731,1.398206348,4.571428571
196,ACAKOA,20.17383385,6.273315158,3.469215293,2.834285714
197,ACAKOA,18.99867249,3.764907912,2.102198049,3.792592593
198,METPOL,21.20258141,3.822921318,1.685993285,4.25974026
199,METPOL,21.24490356,2.911894004,1.182257003,4.615384615
200,METPOL,19.45281029,3.325915783,1.907787728,4.771929825
201,ACAKOA,18.40619278,3.877640719,1.660326481,3.784946237
202,ACAKOA,18.40476036,3.875901761,1.596187311,4.093023256
203,ACAKOA,18.56560516,5.245326053,2.386827402,3.052023121
204,METPOL,21.04387665,3.294962122,2.058846554,4.940509915
205,ACAKOA,19.76122475,5.05920415,2.389719526,3.301587302
206,ACAKOA,19.37218666,4.951674704,2.590602169,3.406451613
207,ACAKOA,19.33961105,4.338627697,2.319525481,3.282051282
208,METPOL,12.53485107,5.898652928,2.042224006,3.076923077
209,METPOL,11.51136684,2.707678598,1.228778783,4.5
210,METPOL,13.89560413,4.231154992,2.573277566,3.989041096
211,METPOL,15.95668316,4.297856284,2.623184853,3.961165049
212,CHETRI,13.96458721,5.911886821,3.083980475,3.172413793
213,METPOL,10.41235828,3.483611613,1.667868418,4.64516129
214,METPOL,15.88650131,4.758249268,2.795383974,3.75
215,METPOL,19.79373741,4.250440982,2.003296397,4.324324324
216,COPRHY,12.30124855,4.637575693,2.440239229,3.8
217,METPOL,9.442365646,2.206260647,1.315323036,5.253731343
218,METPOL,11.5207901,3.591786357,1.920999018,3
219,METPOL,9.753543854,3.721975032,1.901269243,3.636363636
220,METPOL,8.766318321,3.546513615,1.473421682,4.363636364
221,METPOL,8.967638016,3.091840178,1.337669764,4.363636364
222,METPOL,8.638746262,4.532486848,1.841454109,3.018867925
223,METPOL,9.453136444,3.259921426,1.559835918,4
225,METPOL,10.53030586,3.987537561,1.992418082,2.976744186
226,METPOL,14.25482845,4.162867307,2.567640676,4.104347826
227,METPOL,13.58107662,5.516956452,2.410513452,2.885245902
228,METPOL,13.53326797,3.768305027,2.220649125,4.205714286
230,METPOL,11.22086334,2.608391555,1.04957644,6.545454545
231,ACAKOA,24.33210754,6.505639122,3.502718357,2.907508161
232,ACAKOA,19.679636,5.773312435,3.910535235,3.309871245
233,ACAKOA,20.19746971,7.517090008,3.633201831,3.065868263
234,METPOL,23.81329918,4.232111017,2.509909394,4.160676533
235,METPOL,26.64110756,4.794040332,3.321128098,3.893175074
236,METPOL,23.65888977,4.593493723,2.188485013,4.285714286
237,CHETRI,23.74574661,6.843878063,4.157516888,2.509803922
238,METPOL,26.00330734,3.434374311,1.477248877,4.226415094
239,ACAKOA,21.02244759,6.544132685,3.158053616,3.282051282
240,METPOL,22.36430359,4.847071035,3.125324101,3.2
241,METPOL,22.7027607,4.462805498,2.485930003,4.078431373
242,CHETRI,21.91807175,9.578979376,4.176115238,2.315789474
243,METPOL,22.59503746,4.594916031,2.646095944,3.47826087
244,ACAKOA,20.27007866,5.237050886,4.163218086,3.566878981
245,ACAKOA,21.04879761,6.161418996,3.119359768,3.087719298
246,METPOL,23.02329636,3.123597962,2.059599741,3.75
247,ACAKOA,24.94042015,4.83479555,2.55790415,3.265306122
248,ACAKOA,23.18929672,4.004762998,2.343344373,4.19047619
249,CHETRI,20.51232529,7.557794158,3.934445943,2.733668342
250,METPOL,21.7722187,3.57101647,2.346606769,4.632516704
251,ACAKOA,16.64468765,5.599490223,3.476599335,3.296703297
252,CHETRI,16.08202934,4.321118942,2.616696312,3.2
253,METPOL,13.31911087,4.854011949,2.411828158,3.351351351
254,ACAKOA,15.0243578,6.691516187,3.705812949,2.884437596
255,ACAKOA,20.93285751,3.891216047,2.197326572,3.532467532
256,CHETRI,17.79722214,6.65898815,3.07159265,3
257,COPRHY,6.124733925,4.830205639,2.019986095,3.2
258,METPOL,19.41382027,2.807731188,1.289750406,5.428571429
259,METPOL,10.67869568,2.34989026,0.997329218,4.210526316
260,METPOL,14.67427635,3.131167546,1.751333528,4.528301887
261,METPOL,16.12691307,5.064178205,3.153059756,3.102040816
262,COPRHY,6.214896202,4.055009989,1.551230075,3.710144928
263,METPOL,10.81391239,4.243752274,2.005412389,3.076923077
264,CHETRI,16.69989204,3.616851856,2.400638477,4.342857143
265,METPOL,12.43710995,3.807991078,2.095082901,4.666666667
266,METPOL,17.1138401,3.412469878,1.866571609,3.612903226
267,METPOL,24.96669579,3.351960508,2.063841203,4.553846154
268,ACAKOA,17.23602486,6.605222487,3.808073087,3.170731707
269,METPOL,24.46886826,4.363447445,2.636685786,3.692307692
270,METPOL,26.27371788,3.870836099,1.649575482,4.19858156
271,METPOL,25.99741173,3.150335052,1.930081842,4.561403509
272,METPOL,26.7827282,3.028990218,1.578453048,5.450549451
273,METPOL,25.64950371,3.561101552,1.435247076,4.571428571
274,METPOL,12.54029751,3.298376819,1.854036179,4.672566372
275,METPOL,12.53046703,3.505405182,2.130511368,4.283464567
276,METPOL,14.31923103,3.312156378,1.508150568,4.045977011
277,METPOL,22.42100716,4.375129882,3.240458834,3.882845188
278,ACAKOA,13.46001816,6.375525956,3.259620552,2.602409639
279,CHETRI,10.67082119,4.777980887,2.705573913,3.247524752
280,CHETRI,13.82513332,3.429493047,1.815668879,4.756756757
281,CHETRI,10.51095676,3.292035945,1.575278766,3.891891892
282,CHETRI,9.829809189,2.658454287,1.005105116,5.142857143
284,METPOL,17.77004051,2.823178607,1.690699466,5.866666667
285,METPOL,14.51446056,3.730590671,1.834616743,3.80952381
286,METPOL,8.056744576,5.489076212,2.457588353,2.666666667
287,CHETRI,15.75083733,4.89605319,2.453466781,3.063829787
288,METPOL,11.39206219,2.738459148,1.451220983,5.037037037
289,METPOL,16.78384781,4.331671687,2.949468767,3.868131868
290,METPOL,8.33348465,4.175179235,1.92556343,3.282051282
291,METPOL,13.03539371,3.079121874,1.371046785,4.266666667
292,ACAKOA,22.07032967,6.404588098,3.657536323,3.033457249
293,METPOL,15.26037979,3.330809265,1.716550466,3.902439024
294,METPOL,11.68848324,6.261718141,3.323331864,2.723404255
295,METPOL,16.32259178,4.018113358,2.140999969,3.428571429
296,METPOL,10.50234795,4.173370439,2.624332554,3.2
297,METPOL,9.916069984,6.317498913,2.686079056,2.782608696
298,METPOL,10.9249773,3.356557306,1.614558248,4.19047619
299,METPOL,15.55354786,3.855040342,2.266588958,4.173913043
300,METPOL,14.80942249,5.050370817,2.703694447,3.384615385
301,ACAKOA,17.83837891,4.457100477,3.078513391,3.78021978
304,METPOL,21.7067318,4.467703493,2.459369251,2.666666667
306,METPOL,23.7414875,4.202713184,2.466804172,3.018867925
307,METPOL,21.87757683,6.112139353,2.6547957,3.027027027
308,METPOL,23.67294884,3.691449984,1.927079505,4.307692308
311,METPOL,24.09882736,4.635839195,2.127196148,3.628865979
312,COPRHY,19.46665001,3.245184398,2.884096394,3.924528302
314,METPOL,23.91443062,4.574363287,2.467592866,3.855421687
315,ACAKOA,24.77110481,3.730876779,1.572589661,3.823899371
316,ACAKOA,24.85624123,4.976784269,2.405368452,3.243243243
317,ACAKOA,12.41142082,5.596371736,3.28599766,3.348837209
318,METPOL,13.63458824,5.46536412,3.617312243,3.52
319,METPOL,21.91693497,3.436118288,2.416627835,4.571428571
320,METPOL,23.55476761,2.604724042,1.140569251,5.5
321,METPOL,26.43290901,2.977994848,1.043402795,5.2
322,METPOL,25.36594391,2.847127635,1.548536237,4.363636364
323,METPOL,25.40112114,2.505504007,1.217776971,8
325,METPOL,25.47153664,2.836788876,1.150745546,4
326,METPOL,25.98040581,3.763845216,1.498953966,3.310344828
327,METPOL,25.6801796,3.631983083,1.809180955,4.392156863
328,CHETRI,24.19535828,2.647496366,1.43124346,4.413793103
329,METPOL,21.88216972,2.301282913,1.145873028,5.46835443
331,METPOL,10.66008949,2.409710314,1.119235963,4.363636364
332,METPOL,10.49739552,2.350549991,1.331168946,6
334,METPOL,11.13863373,5.534275344,2.684567695,3.692307692
335,METPOL,16.53049088,2.922503209,1.578678957,4.349514563
337,METPOL,13.16138458,3.381134626,1.739448693,3.636363636
338,METPOL,12.02551937,3.430825366,1.779587824,4
339,METPOL,13.66455746,2.374233428,1.686123877,4.869565217
340,METPOL,13.7651844,3.797754103,1.874280052,3.84
341,METPOL,14.60793877,2.783152588,1.104984079,4.266666667
342,METPOL,10.26920986,2.790268072,1.182622176,5.052631579
343,METPOL,12.28577614,2.659853865,1.40482982,4.825396825
344,METPOL,11.41811085,3.20756018,1.554110088,5.333333333
346,ACAKOA,13.13788414,4.015043491,2.498231473,3.619047619
347,METPOL,7.608169079,3.121995172,1.685500869,3.862068966
348,METPOL,10.79857731,3.672299798,1.593888904,3.764705882
349,METPOL,9.058259964,3.541050599,1.59188349,4.266666667
350,METPOL,11.1427412,2.713522699,1.349336428,4.945454545
352,CHETRI,11.0196476,2.867458288,2.744623367,4.897959184
353,ACAKOA,22.6757679,6.122543825,3.059444245,2.765432099
354,METPOL,15.37703991,4.357093061,2.429366537,3.764705882
355,ACAKOA,16.30906296,4.849708353,2.932224242,3.636363636
356,ACAKOA,17.48160362,5.167847488,2.917673693,2.976744186
357,METPOL,20.61075592,3.131197502,2.4640801,4.672566372
358,ACAKOA,21.66603851,5.277364024,2.687617443,3.489559165
359,CHETRI,20.74110603,5.855782778,2.419777831,2.580645161
360,ACAKOA,21.74575806,4.828666636,2.416176638,3.243243243
362,COPRHY,24.44244766,5.819609223,3.792547877,2.782608696
363,COPRHY,18.90739059,6.354349331,3.489814416,3
364,COPRHY,19.78520584,5.115037892,2.878312688,3.310344828
365,METPOL,23.00688553,4.57586461,2.241447661,3.6
366,METPOL,14.89232445,2.547053626,1.265556635,5.161290323
367,METPOL,13.67438698,2.196061752,0.83129497,5.866666667
370,METPOL,16.19511032,3.547609067,1.564912343,4.977777778
371,METPOL,12.15278816,3.784450229,1.83111444,3.591836735
372,ACAKOA,14.2920208,6.099302931,2.966262984,3.257142857
373,ACAKOA,21.02662659,10.7028398,5.204878121,2.355507088
374,CHETRI,19.1412487,2.822172687,1.753073093,4.965517241
376,ACAKOA,18.47170258,6.090665232,3.065368966,2.9952
377,METPOL,19.90536499,3.3946971,2.010267033,4.721311475
378,METPOL,24.73271751,6.318165975,4.270541389,2.985915493
379,ACAKOA,15.37620068,5.166870553,2.347892147,3.396923077
382,METPOL,16.02612114,3.500554415,1.919514186,4.571428571
383,CHETRI,17.48208809,6.269416594,3.588609085,3.180722892
384,METPOL,10.85606861,2.081514592,0.905848815,4.705882353
385,METPOL,10.59833908,4.123092855,1.398238556,2.461538462
387,METPOL,11.03414917,3.505976027,1.810244821,4.148148148
388,METPOL,13.07788944,2.415354014,1.271826897,6.153846154
389,METPOL,12.96372128,2.856867822,1.422049196,4.64516129
390,METPOL,10.92064953,4.130198648,2.088289913,3.84
391,METPOL,11.68969536,2.529750351,0.964874025,4.571428571
392,METPOL,12.14993954,2.466205564,1.11766468,4.666666667
393,METPOL,11.26160622,2.825389307,1.214754221,3.80952381
394,METPOL,20.42737198,2.588396144,1.554532724,4.923076923
396,METPOL,25.14217567,4.175862836,2.127122895,4.297142857
397,COPRHY,19.86370468,2.653671021,1.268023125,4.8
398,METPOL,21.7465229,4.282310058,2.004615451,3.788161994
399,METPOL,19.64614487,2.861647668,0.823622305,5.176470588
400,ACAKOA,17.56600189,3.654373299,1.149351779,2.666666667
401,ACAKOA,17.36488152,2.704392906,1.208391615,4
403,METPOL,17.52673912,3.083003509,1.152058017,4.923076923
404,ACAKOA,17.31687737,3.869309985,1.455391222,4.314606742
405,METPOL,18.0813427,3.53196752,1.886654144,3.555555556
406,METPOL,17.64308929,2.367199446,0.983144465,4.923076923
408,COPRHY,14.87077522,2.559894903,1.404474928,5.333333333
409,METPOL,19.75100899,3.402190077,2.446280917,4.727272727
410,METPOL,19.33848572,3.061035689,1.482793147,5.082352941
411,METPOL,17.97077942,2.441599942,1.122062273,4.425531915
413,ACAKOA,18.24012184,4.946814637,2.363555626,3.397260274
414,ACAKOA,17.95890617,5.39274134,2.550085837,2.666666667
415,ACAKOA,18.98992538,4.540594755,2.137903312,3.880314961
416,METPOL,19.21630669,2.454289168,1.772262045,4.785046729
420,METPOL,20.42129326,1.953670151,1.063005811,5.052631579
421,METPOL,19.76753807,3.224823738,2.119044922,2.285714286
423,ACAKOA,19.23390388,4.971100964,3.180489838,3.405405405
425,ACAKOA,17.22067833,5.419315095,4.198607371,3.362241494
426,COPRHY,10.94714832,3.954146201,1.797698959,4.132992327
427,METPOL,20.45128632,3.997166718,3.835625681,3.936908517
428,METPOL,14.52748108,3.426991284,1.939404322,4.52173913
430,METPOL,12.80159283,3.073406921,1.630998193,4.226415094
431,METPOL,11.42688656,2.397376191,1.13144493,5.090909091
432,METPOL,11.38251877,2.520421687,0.616115302,5.333333333
434,METPOL,10.80375957,2.169864895,0.770952812,5.894736842
436,METPOL,11.58385658,3.18260705,2.022543873,4
441,METPOL,13.91256809,3.775408964,2.442188501,4.114285714
442,ACAKOA,20.2774868,5.596606793,2.773909068,3.133333333
443,METPOL,20.17008781,4.422591382,3.246189425,3.89380531
444,METPOL,24.8296833,4.160804828,1.999501784,4.150943396
445,ACAKOA,24.33313751,5.582318225,2.595966882,3.565714286
446,METPOL,20.71198082,2.914502921,1.121968294,4.830188679
447,ACAKOA,23.19233513,5.921642945,3.319334293,3.097744361
448,ACAKOA,18.24590492,4.488782463,3.155389239,3.586206897
449,ACAKOA,21.89209938,6.649252873,3.429466162,3.058597502
450,METPOL,24.74417496,3.957918344,1.954550011,3.75
451,ACAKOA,19.28520203,3.881072007,1.960705915,3.757575758
452,METPOL,20.18445015,3.87583511,2.059383968,4.533333333
453,ACAKOA,20.21043205,5.233572755,3.029783103,3.298126065
454,METPOL,15.82555866,4.380154309,2.811914533,2.976744186
455,CHETRI,23.21793938,3.945576267,2.055599426,3.52
456,CHETRI,23.07766914,3.381366514,1.839368541,4
457,CHETRI,23.52017403,3.43836225,1.993714144,5
458,CHETRI,20.01939583,3.401359607,1.292050765,5.333333333
459,METPOL,19.72557831,3.864477264,1.760596708,3.265306122
462,METPOL,25.59392166,4.336864576,1.828649211,4.047058824
463,METPOL,25.46084785,2.349835309,1.148516776,5.189189189
464,METPOL,24.18227386,4.57629667,2.976131974,3.611428571
465,METPOL,25.11941338,4.054826858,2.175457258,4.356435644
466,METPOL,25.14898682,4.287665335,1.794514985,4.363636364
467,ACAKOA,18.62259293,7.876121273,4.731049951,2.729528536
468,ACAKOA,16.87733269,4.591435812,2.383471989,3.587628866
469,METPOL,19.56981659,3.99848773,2.185651468,4.050632911
470,METPOL,15.99540043,2.095619597,1.060444636,6.6
471,METPOL,16.88381767,3.048561717,1.398567029,4.75862069
472,METPOL,15.69721222,3.101245154,1.388212616,4.395604396
473,ACAKOA,17.22810745,4.906841878,3.083083345,3.5
474,ACAKOA,18.67949295,4.306683618,2.655553923,3.830985915
475,ACAKOA,20.98192406,6.156311665,2.844639562,3.107913669
476,ACAKOA,23.04294395,5.614311866,4.02323194,3.423580786
477,METPOL,15.17204571,4.603625423,2.745278182,4
478,METPOL,13.66145515,2.864737966,1.271042661,4.952380952
479,METPOL,13.13010883,2.471404815,1.147853847,5.688888889
480,CHETRI,9.624330521,2.313931439,0.965355777,5.333333333
481,CHETRI,12.91063309,2.808011782,1.053099546,5.12
484,ACAKOA,22.44459915,5.202492184,2.845647641,3.524904215
487,CHETRI,13.72187805,3.501160946,2.312967902,3.929824561
488,METPOL,12.12017632,3.408761211,2.090996708,4.19047619
489,METPOL,15.22454453,3.733929918,2.602910907,3.91416309
491,METPOL,17.98342514,2.784295684,1.546223631,6.08
493,METPOL,19.77745056,3.106850166,1.880748084,4.830188679
494,COPRHY,21.89922714,7.808685378,3.994327231,2.656826568
495,COPRHY,22.57438087,5.613466771,3.513226265,3.256140351
496,COPRHY,23.66281891,8.505927677,3.908533121,2.791489362
497,METPOL,15.12961769,3.616262308,1.710058302,4.256880734
498,ACAKOA,11.76196098,3.259157333,1.450552056,4.288659794
499,METPOL,11.63120747,3.030018795,1.250102398,4.571428571
500,METPOL,12.32904625,3.485353633,2.026558406,4.210526316
501,COPRHY,8.524312019,3.216721122,1.423141433,3.773584906
503,METPOL,15.08826351,2.776556893,1.150821919,4.965517241
504,METPOL,13.51168919,3.507217475,1.492612619,3.84
505,METPOL,15.19106579,3.121736398,1.490005237,3.764705882
506,METPOL,16.68492699,2.396746434,0.789567084,5.333333333
507,METPOL,16.24905396,2.305451639,0.888007806,6.4
508,METPOL,16.6882515,3.104638612,1.145022089,5.818181818
509,ACAKOA,26.78404045,6.16657173,2.884504443,3.220125786
510,ACAKOA,24.12981796,5.246374343,2.250779177,2.813186813
511,ACAKOA,25.17512512,5.880146553,2.982812641,2.526315789
512,ACAKOA,23.77373886,4.379783677,2.779015343,3.2
513,ACAKOA,21.93607712,2.072271966,1.941334967,4.571428571
514,ACAKOA,24.41126251,5.191526492,2.492874012,2.485436893
515,ACAKOA,23.77260208,5.082575387,2.519558159,2.823529412
516,METPOL,25.73069,4.305680172,1.746510772,3.294117647
517,METPOL,25.38677597,2.67571326,1.452408758,3.636363636
518,METPOL,25.0565052,3.195773919,1.444987521,8
519,METPOL,24.00639534,2.146223439,0.860512377,5.565217391
520,METPOL,23.26184273,5.658921781,2.291346078,2.526315789
521,COPRHY,11.43258095,2.731786437,1.321075949,3.789473684
522,ACAKOA,20.97809601,3.572023472,1.756929547,3.692307692
523,ACAKOA,22.23262787,4.133651533,2.278326211,3.239263804
524,ACAKOA,21.30753708,5.11919173,2.691095448,3.014492754
525,ACAKOA,23.07796288,6.572087778,3.73980778,2.694736842
526,ACAKOA,22.08101273,3.538655258,1.686137719,3.84962406
527,ACAKOA,24.19877625,3.043091927,1.834902418,4.468965517
528,ACAKOA,20.70577049,3.577731954,2.312150236,4.087591241
529,ACAKOA,21.49080467,2.834249734,1.273586191,4.363636364
530,ACAKOA,17.86470413,2.607709667,1.399522174,5.614035088
531,ACAKOA,21.03050041,4.325829231,2.558295517,3.68627451
532,ACAKOA,19.69597435,3.880311764,2.159109705,3.891891892
533,ACAKOA,17.99394608,2.545622415,1.293418981,4.615384615
534,ACAKOA,19.30819893,3.335922089,1.111575875,4.363636364
535,ACAKOA,21.00246239,3.835254874,2.046081105,4.125786164
536,ACAKOA,21.84003448,3.820597664,1.665716392,4.06779661
537,ACAKOA,20.95494461,3.053769346,1.435230478,4.19858156
538,METPOL,8.541809082,3.386076373,1.284285586,8
540,METPOL,16.01864052,1.896922492,0.957923699,5.176470588
542,METPOL,12.89937592,2.645545917,1.326074302,3.692307692
543,ACAKOA,18.73615074,3.932995256,2.145535542,3.942028986
544,ACAKOA,18.11379242,4.101461402,2.194414921,3.555555556
545,ACAKOA,18.83381271,5.824485007,2.499152842,2.533333333
546,METPOL,15.39286137,2.994179076,1.015188269,5.538461538
548,ACAKOA,19.75892067,3.169651054,1.086912844,4.210526316
549,ACAKOA,20.44100571,3.352024771,1.470969263,4.48
550,ACAKOA,21.15490723,2.811204785,1.176591404,5.492537313
551,ACAKOA,20.52187157,3.608478802,1.238526175,3.891891892
552,ACAKOA,21.09980583,3.702075308,1.725919109,3.591836735
553,ACAKOA,20.36110878,3.404196588,1.30938199,4.078431373
554,ACAKOA,20.78395653,4.251774944,1.772296821,3.336898396
555,ACAKOA,19.89761353,4.199852313,1.906361024,3.555555556
556,ACAKOA,19.98628044,3.091585611,1.129981326,2.909090909
557,ACAKOA,19.31045532,5.08763991,2.312685166,3.5
558,ACAKOA,22.57247162,5.392904003,2.763099228,3.368421053
559,ACAKOA,18.30446434,3.249701619,1.3596714,4.5
560,METPOL,18.23103142,3.286389869,2.583131453,4.266666667
561,ACAKOA,19.07081413,7.206230403,3.512096464,2.580645161
562,ACAKOA,17.31019592,4.317215797,2.383040524,3.67816092
563,ACAKOA,16.69857597,3.232480264,1.733618182,4.143884892
564,METPOL,10.37368202,3.922922619,1.634254578,3.555555556
565,METPOL,16.72175598,3.084517435,1.261270744,4.8
567,METPOL,17.18548775,3.489565825,2.139703993,4.528301887
568,COPRHY,11.63691807,2.722003056,1.330377761,3.862068966
569,COPRHY,12.24928379,2.514817982,1.194268595,5.333333333
570,COPRHY,7.329374313,2.995370621,0.897746211,3.555555556
571,METPOL,16.5583477,3.67970453,1.900228607,3.320754717
573,ACAKOA,19.3632412,2.912289373,1.602850397,4.285714286
574,ACAKOA,18.45643806,5.053632126,3.944350569,3.400696864
575,ACAKOA,19.70899963,4.403833164,4.573641306,3.617834395
576,ACAKOA,22.36096764,3.87505761,2.385923801,3.927797834
577,CHETRI,11.30924129,2.623368101,1.216117038,4.756756757
578,METPOL,11.88593292,2.981246841,1.006349811,4
579,ACAKOA,18.74607086,3.4908433,2.419101851,3.869281046
580,METPOL,17.06111336,3.659259623,1.914284882,4.487804878
581,ACAKOA,17.57595062,3.401225097,1.515690431,4
582,ACAKOA,19.03017426,4.68080726,2.163107745,3.368421053
583,METPOL,15.34415817,1.584032077,0.620717416,7.652173913
584,METPOL,15.85400009,2.22243945,0.695544351,5.090909091
585,COPRHY,12.40755367,4.193959537,2.257549678,3.885714286
588,METPOL,17.95710945,1.922648325,0.711940001,4.571428571
589,METPOL,24.64157677,4.02227198,1.9812434,4.266666667
590,METPOL,24.20119095,3.322910208,1.987422595,3.35483871
591,METPOL,21.16810417,1.779962341,1.093461855,5.333333333
592,METPOL,25.59118271,3.764627362,2.179850543,4.148148148
593,METPOL,19.59417534,4.852625735,3.170816544,2.742857143
594,ACAKOA,20.60485268,7.292350157,3.409504231,2.812121212
595,ACAKOA,20.7254715,8.395278746,3.788870465,2.285714286
596,ACAKOA,20.41626358,10.07748699,4.490152045,2.115702479
597,ACAKOA,23.31747818,7.629871878,3.161261687,2.526315789
598,ACAKOA,20.01727295,11.56512874,5.228961411,2.113207547
599,ACAKOA,22.29855919,6.152332599,3.351975427,2.716981132
600,ACAKOA,21.52658463,8.687037059,3.957029291,2.840236686
602,ACAKOA,24.66736794,5.346271122,2.572136257,3
604,ACAKOA,26.26365852,6.436255358,3.337901158,3.076923077
605,ACAKOA,25.37566376,5.207836331,2.571566333,3.12195122
606,COPRHY,22.2032032,4.238824122,1.779754189,3.555555556
608,METPOL,23.63132477,6.462357638,3.561900774,3.011764706
610,COPRHY,12.27787495,5.079594474,2.536202638,2.962962963
611,METPOL,24.94335747,4.051596951,1.691104371,3.862068966
612,METPOL,24.26470184,4.063365765,1.531782957,4
613,METPOL,24.23141098,5.579396859,3.51071982,2.588235294
614,METPOL,24.4466095,4.170912642,1.984180121,3.772357724
617,ACAKOA,25.00490761,6.397990252,2.923618241,3.069767442
618,CHETRI,10.02668095,6.45874687,3.277537882,2.56
619,CHETRI,10.4691782,4.609183183,1.803575345,3.692307692
621,METPOL,14.2340374,4.919292853,3.059339114,3.282051282
622,ACAKOA,16.39631653,4.258929561,1.994087144,3.111111111
624,ACAKOA,18.13528824,4.522567068,2.296031884,3.80669145
627,COPRHY,8.723977089,2.556218274,0.96455086,5.333333333
629,ACAKOA,15.78702068,5.071863908,2.981586143,3.503957784
630,COPRHY,5.911226273,1.8519014,0.860005858,5.743589744
631,ACAKOA,17.12865829,4.033850044,2.339947993,3.683453237
633,METPOL,14.25048065,3.655267575,2.045262451,3.6
634,ACAKOA,16.10886383,6.384084103,3.208970766,2.666666667
636,METPOL,11.41057301,3.748679957,1.793424489,4.266666667
637,METPOL,11.5530777,3.207598638,1.656744975,3.692307692
638,METPOL,15.74725914,4.627684805,2.314459426,3.310344828
639,METPOL,18.19586372,2.821768555,1.248947184,5.333333333
640,METPOL,19.95522118,3.895698623,1.70531406,3.95505618
641,METPOL,18.82042885,3.562667795,2.206714185,4.385185185
642,METPOL,9.20457077,2.646817354,1.062781261,4.4
643,METPOL,18.31906319,3.473775318,2.127949364,4.296296296
644,METPOL,16.55016708,4.537375424,2.927912941,3.287671233
645,METPOL,16.21649551,2.87509614,1.936380215,4.222222222
646,METPOL,16.85209656,2.236106799,0.939800465,6.608695652
647,METPOL,17.56886482,3.715475559,2.516841288,3.333333333
648,COPRHY,10.99008179,5.02807786,1.957779719,3
649,COPRHY,8.154785156,1.840807301,0.692741609,6.222222222
650,COPRHY,7.486709595,2.639040374,0.800319203,4.923076923
651,METPOL,10.0451622,2.909369936,1.036610961,4.266666667
653,METPOL,12.10294151,3.010511729,1.550388362,4.173913043
654,ACAKOA,20.99730492,6.419631534,3.092340235,2.598290598
657,ACAKOA,23.74404716,3.390518693,2.266367412,3.826086957
663,CHETRI,23.68205643,3.058453648,1.367668994,3.764705882
664,CHETRI,24.78698158,4.310051284,2.352060702,3.6
665,CHETRI,24.40794754,2.84311259,1.307139358,4.363636364
675,CHETRI,17.31125832,2.06764381,0.478088009,6.857142857
676,CHETRI,17.22021294,2.255466003,0.833642078,4.571428571
678,COPRHY,7.229150295,2.192130814,0.72764298,6.153846154
679,COPRHY,8.592556,2.691918869,0.868297574,5.12
680,METPOL,17.21380806,1.424743258,0.282039841,8
681,METPOL,9.797294617,2.242002692,0.995944652,5.818181818
682,COPRHY,8.658136368,3.411468243,1.404452372,4.64516129
686,COPRHY,4.51394558,4.483261326,2.054924235,3.348837209
687,METPOL,4.996108532,3.409509955,1.537393761,3.636363636
688,METPOL,12.44767284,3.687356801,1.857659418,4.333333333
689,METPOL,12.96887302,5.673961824,2.005256603,2.823529412
690,CHETRI,13.86377335,4.311536519,2.459648934,3.80952381
691,CHETRI,9.464349747,3.830586014,1.848594728,3.586206897
692,COPRHY,10.33863449,4.11976349,1.986542329,3.764705882
693,CHETRI,17.42307663,2.31802785,1.0645657,7.111111111
697,COPRHY,10.07121468,4.188773408,1.959106229,3.906976744
698,CHETRI,10.22279167,3.379804323,2.11569854,3.80952381
702,METPOL,18.95325851,2.375473294,1.06938289,4.266666667
703,METPOL,17.396595,3.755520612,1.864254156,3
707,ACAKOA,14.5877142,3.410836289,2.055745395,4.272727273
708,CHETRI,17.45606041,4.236878116,2.853229608,3.712
709,CHETRI,10.88243389,3.01919115,1.818247872,4.266666667
710,CHETRI,15.05775547,3.610689203,2.487054179,4
711,METPOL,11.23297501,3.075263475,1.096180606,4.363636364
712,METPOL,10.07562065,2.422298831,1.074853125,5.333333333
713,METPOL,5.764573574,1.758417385,0.50647062,5.333333333
714,METPOL,8.067083359,3.463283978,1.277733713,4.571428571
715,METPOL,10.86449528,2.103344007,0.679432181,5.333333333
716,METPOL,10.37118053,2.02766134,0.500756755,8
717,METPOL,9.275323868,4.161356296,2.283930469,3.368421053
718,METPOL,11.66424656,2.435873162,0.891064435,5.777777778
719,METPOL,11.56905842,2.697541189,0.969880501,5.2
720,METPOL,10.42128849,2.266564823,0.95110914,4.571428571
721,METPOL,10.40035248,1.942914575,1.00875285,6.666666667
722,METPOL,11.56188393,1.33091438,0.300478788,6.857142857
723,METPOL,11.1596632,1.64877998,0.40177896,6.857142857
724,METPOL,9.968857765,2.688348716,0.624978778,4.571428571
725,METPOL,10.5415659,1.630814008,0.57779986,8
726,COPRHY,10.04439831,1.61314691,0.568268864,7.111111111
727,METPOL,11.43816376,2.026848761,0.696574167,6.545454545
728,METPOL,10.95930576,2.293939661,0.77093754,6.4
729,COPRHY,6.693340778,3.756910133,1.512105346,2.909090909
730,METPOL,9.560608864,2.701331907,1.11554924,8
731,COPRHY,6.938311577,2.425666232,1.050182776,4.923076923
732,METPOL,8.020710945,2.352119476,0.920519885,5.333333333
733,METPOL,10.61511517,1.840586147,0.858212525,6.787878788
734,METPOL,10.06531334,2.249425165,1.168727667,4.363636364
735,CHETRI,11.00814629,4.006064657,2.032164744,3.72815534
736,COPRHY,7.244772911,4.330160059,1.70177202,3.862068966
737,CHETRI,11.2477541,5.72056102,2.413314843,3.12195122
738,COPRHY,6.980541706,5.064084908,1.981715734,3.446153846
739,CHETRI,7.761994839,3.200052599,1.646545048,4.705882353
740,METPOL,10.66394615,2.208257811,0.971184244,6.4
741,METPOL,12.16969967,3.141107797,1.810771184,3.878787879
742,METPOL,8.475032806,3.103027615,1.76507355,3.555555556
743,METPOL,9.238695145,4.302650654,1.792454096,3.2
744,METPOL,11.79656219,4.011258104,2.333263362,3.393939394
745,METPOL,11.23215199,2.601131409,1.421211691,4
746,METPOL,9.864661217,4.04595276,1.685002913,2.823529412
747,METPOL,11.98838615,2.477922373,1.09246669,5.052631579
748,METPOL,10.50805092,2.026774483,0.985848298,5
749,METPOL,11.29471874,1.68932584,0.895179493,6.4
750,METPOL,10.71822071,3.238109754,1.36206364,4.8
751,COPRHY,5.760479927,3.341369866,1.315176057,4.8
752,METPOL,7.982009888,3.944651223,1.594758762,8
753,COPRHY,10.5971632,3.075351277,1.565082469,3.95505618
754,COPRHY,10.39877224,3.016521515,1.843143047,4.64516129
755,COPRHY,10.66863728,5.691593704,2.466852862,2.488888889
756,METPOL,15.32965088,2.085875306,0.796303792,5.12
757,METPOL,16.70332146,1.595522705,0.499780931,4.923076923
758,METPOL,17.01622772,2.030863678,0.96300748,4.705882353
759,ACAKOA,15.42600346,2.389284142,1.335331718,4.848484848
760,ACAKOA,17.1580677,2.47132496,0.85506402,5.479452055
761,METPOL,22.54217148,3.006284223,1.488707517,4.329411765
762,CHETRI,22.88440323,3.799296282,1.736296018,4.210526316
763,METPOL,24.1124649,3.50648223,1.530039115,4.273291925
764,METPOL,22.84098244,3.380239803,1.629839078,4.285714286
765,COPRHY,9.32733345,4.04272827,1.533884542,4
766,COPRHY,9.609116554,3.921549917,1.633942079,4.292682927
767,METPOL,15.98944569,3.505877896,1.734252686,4.036036036
768,METPOL,11.22418499,2.824480972,1.330332103,3.80952381
769,COPRHY,9.233104706,5.142574211,3.07532858,3.310344828
770,COPRHY,6.607575417,3.608227904,1.649991803,4.8
